model_name,feature_set,animal_type,target,measure (MAE/MSE),Cross-validation,evaluated_on (Train/Test),Error,n_rows,n_features,n_missing_feature_values,best_params
ElasticNet,Non-weather only,steer,live weight,MAE,1,Train,32.216133323966595,636,4,221,"{'imputer_strategy': 'mean', 'alpha': 0.711777034575164, 'l1_ratio': 0.97457404529163}"
ElasticNet,Non-weather only,steer,live weight,MAE,2,Train,30.629761410795357,636,4,221,"{'imputer_strategy': 'mean', 'alpha': 0.711777034575164, 'l1_ratio': 0.97457404529163}"
ElasticNet,Non-weather only,steer,live weight,MAE,3,Train,30.454357088775076,636,4,221,"{'imputer_strategy': 'mean', 'alpha': 0.711777034575164, 'l1_ratio': 0.97457404529163}"
ElasticNet,Non-weather only,steer,live weight,MAE,4,Train,30.676894743279842,636,4,221,"{'imputer_strategy': 'mean', 'alpha': 0.711777034575164, 'l1_ratio': 0.97457404529163}"
ElasticNet,Non-weather only,steer,live weight,MAE,5,Train,29.730932257280262,636,4,221,"{'imputer_strategy': 'mean', 'alpha': 0.711777034575164, 'l1_ratio': 0.97457404529163}"
ElasticNet,Non-weather only,steer,live weight,MAE,1,Test,25.80527089257526,636,4,221,"{'imputer_strategy': 'mean', 'alpha': 0.711777034575164, 'l1_ratio': 0.97457404529163}"
ElasticNet,Non-weather only,steer,live weight,MAE,2,Test,31.518554057517054,636,4,221,"{'imputer_strategy': 'mean', 'alpha': 0.711777034575164, 'l1_ratio': 0.97457404529163}"
ElasticNet,Non-weather only,steer,live weight,MAE,3,Test,31.459114513863828,636,4,221,"{'imputer_strategy': 'mean', 'alpha': 0.711777034575164, 'l1_ratio': 0.97457404529163}"
ElasticNet,Non-weather only,steer,live weight,MAE,4,Test,32.13570184438316,636,4,221,"{'imputer_strategy': 'mean', 'alpha': 0.711777034575164, 'l1_ratio': 0.97457404529163}"
ElasticNet,Non-weather only,steer,live weight,MAE,5,Test,34.82219049943377,636,4,221,"{'imputer_strategy': 'mean', 'alpha': 0.711777034575164, 'l1_ratio': 0.97457404529163}"
ElasticNet,Non-weather only,steer,live weight,MSE,1,Train,2222.206221353137,636,4,221,"{'imputer_strategy': 'mean', 'alpha': 0.711777034575164, 'l1_ratio': 0.97457404529163}"
ElasticNet,Non-weather only,steer,live weight,MSE,2,Train,2098.350608079646,636,4,221,"{'imputer_strategy': 'mean', 'alpha': 0.711777034575164, 'l1_ratio': 0.97457404529163}"
ElasticNet,Non-weather only,steer,live weight,MSE,3,Train,2120.578847961266,636,4,221,"{'imputer_strategy': 'mean', 'alpha': 0.711777034575164, 'l1_ratio': 0.97457404529163}"
ElasticNet,Non-weather only,steer,live weight,MSE,4,Train,2112.097447151755,636,4,221,"{'imputer_strategy': 'mean', 'alpha': 0.711777034575164, 'l1_ratio': 0.97457404529163}"
ElasticNet,Non-weather only,steer,live weight,MSE,5,Train,1448.3511550433125,636,4,221,"{'imputer_strategy': 'mean', 'alpha': 0.711777034575164, 'l1_ratio': 0.97457404529163}"
ElasticNet,Non-weather only,steer,live weight,MSE,1,Test,1159.5693175333422,636,4,221,"{'imputer_strategy': 'mean', 'alpha': 0.711777034575164, 'l1_ratio': 0.97457404529163}"
ElasticNet,Non-weather only,steer,live weight,MSE,2,Test,1634.94218076735,636,4,221,"{'imputer_strategy': 'mean', 'alpha': 0.711777034575164, 'l1_ratio': 0.97457404529163}"
ElasticNet,Non-weather only,steer,live weight,MSE,3,Test,1567.080161655258,636,4,221,"{'imputer_strategy': 'mean', 'alpha': 0.711777034575164, 'l1_ratio': 0.97457404529163}"
ElasticNet,Non-weather only,steer,live weight,MSE,4,Test,1607.4488684405712,636,4,221,"{'imputer_strategy': 'mean', 'alpha': 0.711777034575164, 'l1_ratio': 0.97457404529163}"
ElasticNet,Non-weather only,steer,live weight,MSE,5,Test,4266.928951362566,636,4,221,"{'imputer_strategy': 'mean', 'alpha': 0.711777034575164, 'l1_ratio': 0.97457404529163}"
ElasticNet,Non-weather only,heifer,live weight,MAE,1,Train,24.573134789291025,233,4,214,"{'imputer_strategy': 'mean', 'alpha': 0.0011155410454220462, 'l1_ratio': 0.32593573445109447}"
ElasticNet,Non-weather only,heifer,live weight,MAE,2,Train,22.049670111305105,233,4,214,"{'imputer_strategy': 'mean', 'alpha': 0.0011155410454220462, 'l1_ratio': 0.32593573445109447}"
ElasticNet,Non-weather only,heifer,live weight,MAE,3,Train,23.274968876369687,233,4,214,"{'imputer_strategy': 'mean', 'alpha': 0.0011155410454220462, 'l1_ratio': 0.32593573445109447}"
ElasticNet,Non-weather only,heifer,live weight,MAE,4,Train,23.352246617412018,233,4,214,"{'imputer_strategy': 'mean', 'alpha': 0.0011155410454220462, 'l1_ratio': 0.32593573445109447}"
ElasticNet,Non-weather only,heifer,live weight,MAE,5,Train,22.189959182875178,233,4,214,"{'imputer_strategy': 'mean', 'alpha': 0.0011155410454220462, 'l1_ratio': 0.32593573445109447}"
ElasticNet,Non-weather only,heifer,live weight,MAE,1,Test,20.76403102499692,233,4,214,"{'imputer_strategy': 'mean', 'alpha': 0.0011155410454220462, 'l1_ratio': 0.32593573445109447}"
ElasticNet,Non-weather only,heifer,live weight,MAE,2,Test,26.17665922758759,233,4,214,"{'imputer_strategy': 'mean', 'alpha': 0.0011155410454220462, 'l1_ratio': 0.32593573445109447}"
ElasticNet,Non-weather only,heifer,live weight,MAE,3,Test,20.909341501896563,233,4,214,"{'imputer_strategy': 'mean', 'alpha': 0.0011155410454220462, 'l1_ratio': 0.32593573445109447}"
ElasticNet,Non-weather only,heifer,live weight,MAE,4,Test,20.652839445428164,233,4,214,"{'imputer_strategy': 'mean', 'alpha': 0.0011155410454220462, 'l1_ratio': 0.32593573445109447}"
ElasticNet,Non-weather only,heifer,live weight,MAE,5,Test,28.392808573008327,233,4,214,"{'imputer_strategy': 'mean', 'alpha': 0.0011155410454220462, 'l1_ratio': 0.32593573445109447}"
ElasticNet,Non-weather only,heifer,live weight,MSE,1,Train,1002.0740985742583,233,4,214,"{'imputer_strategy': 'mean', 'alpha': 0.0011155410454220462, 'l1_ratio': 0.32593573445109447}"
ElasticNet,Non-weather only,heifer,live weight,MSE,2,Train,849.1368272691715,233,4,214,"{'imputer_strategy': 'mean', 'alpha': 0.0011155410454220462, 'l1_ratio': 0.32593573445109447}"
ElasticNet,Non-weather only,heifer,live weight,MSE,3,Train,928.3555150760471,233,4,214,"{'imputer_strategy': 'mean', 'alpha': 0.0011155410454220462, 'l1_ratio': 0.32593573445109447}"
ElasticNet,Non-weather only,heifer,live weight,MSE,4,Train,910.7809713198579,233,4,214,"{'imputer_strategy': 'mean', 'alpha': 0.0011155410454220462, 'l1_ratio': 0.32593573445109447}"
ElasticNet,Non-weather only,heifer,live weight,MSE,5,Train,779.8843534790934,233,4,214,"{'imputer_strategy': 'mean', 'alpha': 0.0011155410454220462, 'l1_ratio': 0.32593573445109447}"
ElasticNet,Non-weather only,heifer,live weight,MSE,1,Test,676.370801563202,233,4,214,"{'imputer_strategy': 'mean', 'alpha': 0.0011155410454220462, 'l1_ratio': 0.32593573445109447}"
ElasticNet,Non-weather only,heifer,live weight,MSE,2,Test,1019.0385699007921,233,4,214,"{'imputer_strategy': 'mean', 'alpha': 0.0011155410454220462, 'l1_ratio': 0.32593573445109447}"
ElasticNet,Non-weather only,heifer,live weight,MSE,3,Test,690.8658882671843,233,4,214,"{'imputer_strategy': 'mean', 'alpha': 0.0011155410454220462, 'l1_ratio': 0.32593573445109447}"
ElasticNet,Non-weather only,heifer,live weight,MSE,4,Test,713.3901989100983,233,4,214,"{'imputer_strategy': 'mean', 'alpha': 0.0011155410454220462, 'l1_ratio': 0.32593573445109447}"
ElasticNet,Non-weather only,heifer,live weight,MSE,5,Test,1489.0474743873056,233,4,214,"{'imputer_strategy': 'mean', 'alpha': 0.0011155410454220462, 'l1_ratio': 0.32593573445109447}"
ElasticNet,Non-weather only,steer,carcass weight,MAE,1,Train,16.030718301753122,636,4,221,"{'imputer_strategy': 'mean', 'alpha': 0.14820555583864597, 'l1_ratio': 0.3568432260811045}"
ElasticNet,Non-weather only,steer,carcass weight,MAE,2,Train,15.367941853284202,636,4,221,"{'imputer_strategy': 'mean', 'alpha': 0.14820555583864597, 'l1_ratio': 0.3568432260811045}"
ElasticNet,Non-weather only,steer,carcass weight,MAE,3,Train,15.63741575128998,636,4,221,"{'imputer_strategy': 'mean', 'alpha': 0.14820555583864597, 'l1_ratio': 0.3568432260811045}"
ElasticNet,Non-weather only,steer,carcass weight,MAE,4,Train,15.084224061310817,636,4,221,"{'imputer_strategy': 'mean', 'alpha': 0.14820555583864597, 'l1_ratio': 0.3568432260811045}"
ElasticNet,Non-weather only,steer,carcass weight,MAE,5,Train,15.748019427288774,636,4,221,"{'imputer_strategy': 'mean', 'alpha': 0.14820555583864597, 'l1_ratio': 0.3568432260811045}"
ElasticNet,Non-weather only,steer,carcass weight,MAE,1,Test,13.780316666651089,636,4,221,"{'imputer_strategy': 'mean', 'alpha': 0.14820555583864597, 'l1_ratio': 0.3568432260811045}"
ElasticNet,Non-weather only,steer,carcass weight,MAE,2,Test,16.389511836025886,636,4,221,"{'imputer_strategy': 'mean', 'alpha': 0.14820555583864597, 'l1_ratio': 0.3568432260811045}"
ElasticNet,Non-weather only,steer,carcass weight,MAE,3,Test,15.687652478747404,636,4,221,"{'imputer_strategy': 'mean', 'alpha': 0.14820555583864597, 'l1_ratio': 0.3568432260811045}"
ElasticNet,Non-weather only,steer,carcass weight,MAE,4,Test,17.617182767317857,636,4,221,"{'imputer_strategy': 'mean', 'alpha': 0.14820555583864597, 'l1_ratio': 0.3568432260811045}"
ElasticNet,Non-weather only,steer,carcass weight,MAE,5,Test,15.01063758870366,636,4,221,"{'imputer_strategy': 'mean', 'alpha': 0.14820555583864597, 'l1_ratio': 0.3568432260811045}"
ElasticNet,Non-weather only,steer,carcass weight,MSE,1,Train,435.1493141028333,636,4,221,"{'imputer_strategy': 'mean', 'alpha': 0.14820555583864597, 'l1_ratio': 0.3568432260811045}"
ElasticNet,Non-weather only,steer,carcass weight,MSE,2,Train,404.2718752166905,636,4,221,"{'imputer_strategy': 'mean', 'alpha': 0.14820555583864597, 'l1_ratio': 0.3568432260811045}"
ElasticNet,Non-weather only,steer,carcass weight,MSE,3,Train,415.5938098342385,636,4,221,"{'imputer_strategy': 'mean', 'alpha': 0.14820555583864597, 'l1_ratio': 0.3568432260811045}"
ElasticNet,Non-weather only,steer,carcass weight,MSE,4,Train,390.99239010829854,636,4,221,"{'imputer_strategy': 'mean', 'alpha': 0.14820555583864597, 'l1_ratio': 0.3568432260811045}"
ElasticNet,Non-weather only,steer,carcass weight,MSE,5,Train,428.11654000058985,636,4,221,"{'imputer_strategy': 'mean', 'alpha': 0.14820555583864597, 'l1_ratio': 0.3568432260811045}"
ElasticNet,Non-weather only,steer,carcass weight,MSE,1,Test,339.70232252405947,636,4,221,"{'imputer_strategy': 'mean', 'alpha': 0.14820555583864597, 'l1_ratio': 0.3568432260811045}"
ElasticNet,Non-weather only,steer,carcass weight,MSE,2,Test,460.0833580334975,636,4,221,"{'imputer_strategy': 'mean', 'alpha': 0.14820555583864597, 'l1_ratio': 0.3568432260811045}"
ElasticNet,Non-weather only,steer,carcass weight,MSE,3,Test,420.4776740602459,636,4,221,"{'imputer_strategy': 'mean', 'alpha': 0.14820555583864597, 'l1_ratio': 0.3568432260811045}"
ElasticNet,Non-weather only,steer,carcass weight,MSE,4,Test,518.2535738510212,636,4,221,"{'imputer_strategy': 'mean', 'alpha': 0.14820555583864597, 'l1_ratio': 0.3568432260811045}"
ElasticNet,Non-weather only,steer,carcass weight,MSE,5,Test,367.80025790095823,636,4,221,"{'imputer_strategy': 'mean', 'alpha': 0.14820555583864597, 'l1_ratio': 0.3568432260811045}"
ElasticNet,Non-weather only,heifer,carcass weight,MAE,1,Train,12.159560889198307,233,4,214,"{'imputer_strategy': 'median', 'alpha': 0.00010634377508803859, 'l1_ratio': 0.997282836946302}"
ElasticNet,Non-weather only,heifer,carcass weight,MAE,2,Train,12.419188698468618,233,4,214,"{'imputer_strategy': 'median', 'alpha': 0.00010634377508803859, 'l1_ratio': 0.997282836946302}"
ElasticNet,Non-weather only,heifer,carcass weight,MAE,3,Train,12.476915533444426,233,4,214,"{'imputer_strategy': 'median', 'alpha': 0.00010634377508803859, 'l1_ratio': 0.997282836946302}"
ElasticNet,Non-weather only,heifer,carcass weight,MAE,4,Train,13.202818472683393,233,4,214,"{'imputer_strategy': 'median', 'alpha': 0.00010634377508803859, 'l1_ratio': 0.997282836946302}"
ElasticNet,Non-weather only,heifer,carcass weight,MAE,5,Train,11.955565851056244,233,4,214,"{'imputer_strategy': 'median', 'alpha': 0.00010634377508803859, 'l1_ratio': 0.997282836946302}"
ElasticNet,Non-weather only,heifer,carcass weight,MAE,1,Test,13.42132439304007,233,4,214,"{'imputer_strategy': 'median', 'alpha': 0.00010634377508803859, 'l1_ratio': 0.997282836946302}"
ElasticNet,Non-weather only,heifer,carcass weight,MAE,2,Test,13.029805418715302,233,4,214,"{'imputer_strategy': 'median', 'alpha': 0.00010634377508803859, 'l1_ratio': 0.997282836946302}"
ElasticNet,Non-weather only,heifer,carcass weight,MAE,3,Test,12.260053364272956,233,4,214,"{'imputer_strategy': 'median', 'alpha': 0.00010634377508803859, 'l1_ratio': 0.997282836946302}"
ElasticNet,Non-weather only,heifer,carcass weight,MAE,4,Test,10.071376311154724,233,4,214,"{'imputer_strategy': 'median', 'alpha': 0.00010634377508803859, 'l1_ratio': 0.997282836946302}"
ElasticNet,Non-weather only,heifer,carcass weight,MAE,5,Test,14.409627255351028,233,4,214,"{'imputer_strategy': 'median', 'alpha': 0.00010634377508803859, 'l1_ratio': 0.997282836946302}"
ElasticNet,Non-weather only,heifer,carcass weight,MSE,1,Train,271.1235038154468,233,4,214,"{'imputer_strategy': 'median', 'alpha': 0.00010634377508803859, 'l1_ratio': 0.997282836946302}"
ElasticNet,Non-weather only,heifer,carcass weight,MSE,2,Train,285.3879982310432,233,4,214,"{'imputer_strategy': 'median', 'alpha': 0.00010634377508803859, 'l1_ratio': 0.997282836946302}"
ElasticNet,Non-weather only,heifer,carcass weight,MSE,3,Train,287.53574730794173,233,4,214,"{'imputer_strategy': 'median', 'alpha': 0.00010634377508803859, 'l1_ratio': 0.997282836946302}"
ElasticNet,Non-weather only,heifer,carcass weight,MSE,4,Train,308.0747378700231,233,4,214,"{'imputer_strategy': 'median', 'alpha': 0.00010634377508803859, 'l1_ratio': 0.997282836946302}"
ElasticNet,Non-weather only,heifer,carcass weight,MSE,5,Train,235.45440249888804,233,4,214,"{'imputer_strategy': 'median', 'alpha': 0.00010634377508803859, 'l1_ratio': 0.997282836946302}"
ElasticNet,Non-weather only,heifer,carcass weight,MSE,1,Test,314.9905579989465,233,4,214,"{'imputer_strategy': 'median', 'alpha': 0.00010634377508803859, 'l1_ratio': 0.997282836946302}"
ElasticNet,Non-weather only,heifer,carcass weight,MSE,2,Test,253.3981980937729,233,4,214,"{'imputer_strategy': 'median', 'alpha': 0.00010634377508803859, 'l1_ratio': 0.997282836946302}"
ElasticNet,Non-weather only,heifer,carcass weight,MSE,3,Test,242.34652276510613,233,4,214,"{'imputer_strategy': 'median', 'alpha': 0.00010634377508803859, 'l1_ratio': 0.997282836946302}"
ElasticNet,Non-weather only,heifer,carcass weight,MSE,4,Test,161.2297259007406,233,4,214,"{'imputer_strategy': 'median', 'alpha': 0.00010634377508803859, 'l1_ratio': 0.997282836946302}"
ElasticNet,Non-weather only,heifer,carcass weight,MSE,5,Test,454.51383597901616,233,4,214,"{'imputer_strategy': 'median', 'alpha': 0.00010634377508803859, 'l1_ratio': 0.997282836946302}"
ElasticNet,Non-weather only,steer,price,MAE,1,Train,88.31838305502583,626,4,221,"{'imputer_strategy': 'mean', 'alpha': 0.14820555583864597, 'l1_ratio': 0.3568432260811045}"
ElasticNet,Non-weather only,steer,price,MAE,2,Train,92.30502286369394,626,4,221,"{'imputer_strategy': 'mean', 'alpha': 0.14820555583864597, 'l1_ratio': 0.3568432260811045}"
ElasticNet,Non-weather only,steer,price,MAE,3,Train,91.75250345559243,626,4,221,"{'imputer_strategy': 'mean', 'alpha': 0.14820555583864597, 'l1_ratio': 0.3568432260811045}"
ElasticNet,Non-weather only,steer,price,MAE,4,Train,87.88332829544261,626,4,221,"{'imputer_strategy': 'mean', 'alpha': 0.14820555583864597, 'l1_ratio': 0.3568432260811045}"
ElasticNet,Non-weather only,steer,price,MAE,5,Train,91.01106070448283,626,4,221,"{'imputer_strategy': 'mean', 'alpha': 0.14820555583864597, 'l1_ratio': 0.3568432260811045}"
ElasticNet,Non-weather only,steer,price,MAE,1,Test,98.51790393757383,626,4,221,"{'imputer_strategy': 'mean', 'alpha': 0.14820555583864597, 'l1_ratio': 0.3568432260811045}"
ElasticNet,Non-weather only,steer,price,MAE,2,Test,82.55615933318764,626,4,221,"{'imputer_strategy': 'mean', 'alpha': 0.14820555583864597, 'l1_ratio': 0.3568432260811045}"
ElasticNet,Non-weather only,steer,price,MAE,3,Test,85.99464524847795,626,4,221,"{'imputer_strategy': 'mean', 'alpha': 0.14820555583864597, 'l1_ratio': 0.3568432260811045}"
ElasticNet,Non-weather only,steer,price,MAE,4,Test,100.90477057498578,626,4,221,"{'imputer_strategy': 'mean', 'alpha': 0.14820555583864597, 'l1_ratio': 0.3568432260811045}"
ElasticNet,Non-weather only,steer,price,MAE,5,Test,87.92757457312314,626,4,221,"{'imputer_strategy': 'mean', 'alpha': 0.14820555583864597, 'l1_ratio': 0.3568432260811045}"
ElasticNet,Non-weather only,steer,price,MSE,1,Train,13174.543086070915,626,4,221,"{'imputer_strategy': 'mean', 'alpha': 0.14820555583864597, 'l1_ratio': 0.3568432260811045}"
ElasticNet,Non-weather only,steer,price,MSE,2,Train,14232.101083792051,626,4,221,"{'imputer_strategy': 'mean', 'alpha': 0.14820555583864597, 'l1_ratio': 0.3568432260811045}"
ElasticNet,Non-weather only,steer,price,MSE,3,Train,14178.45830103016,626,4,221,"{'imputer_strategy': 'mean', 'alpha': 0.14820555583864597, 'l1_ratio': 0.3568432260811045}"
ElasticNet,Non-weather only,steer,price,MSE,4,Train,12727.152435914337,626,4,221,"{'imputer_strategy': 'mean', 'alpha': 0.14820555583864597, 'l1_ratio': 0.3568432260811045}"
ElasticNet,Non-weather only,steer,price,MSE,5,Train,13815.89942249249,626,4,221,"{'imputer_strategy': 'mean', 'alpha': 0.14820555583864597, 'l1_ratio': 0.3568432260811045}"
ElasticNet,Non-weather only,steer,price,MSE,1,Test,15753.03051043199,626,4,221,"{'imputer_strategy': 'mean', 'alpha': 0.14820555583864597, 'l1_ratio': 0.3568432260811045}"
ElasticNet,Non-weather only,steer,price,MSE,2,Test,11488.473119690036,626,4,221,"{'imputer_strategy': 'mean', 'alpha': 0.14820555583864597, 'l1_ratio': 0.3568432260811045}"
ElasticNet,Non-weather only,steer,price,MSE,3,Test,11701.018714566047,626,4,221,"{'imputer_strategy': 'mean', 'alpha': 0.14820555583864597, 'l1_ratio': 0.3568432260811045}"
ElasticNet,Non-weather only,steer,price,MSE,4,Test,17748.861607035207,626,4,221,"{'imputer_strategy': 'mean', 'alpha': 0.14820555583864597, 'l1_ratio': 0.3568432260811045}"
ElasticNet,Non-weather only,steer,price,MSE,5,Test,13090.421968228846,626,4,221,"{'imputer_strategy': 'mean', 'alpha': 0.14820555583864597, 'l1_ratio': 0.3568432260811045}"
ElasticNet,Non-weather only,heifer,price,MAE,1,Train,67.8706518648134,233,4,214,"{'imputer_strategy': 'median', 'alpha': 0.00010634377508803859, 'l1_ratio': 0.997282836946302}"
ElasticNet,Non-weather only,heifer,price,MAE,2,Train,69.1843098414246,233,4,214,"{'imputer_strategy': 'median', 'alpha': 0.00010634377508803859, 'l1_ratio': 0.997282836946302}"
ElasticNet,Non-weather only,heifer,price,MAE,3,Train,69.8509533281439,233,4,214,"{'imputer_strategy': 'median', 'alpha': 0.00010634377508803859, 'l1_ratio': 0.997282836946302}"
ElasticNet,Non-weather only,heifer,price,MAE,4,Train,73.77061748125787,233,4,214,"{'imputer_strategy': 'median', 'alpha': 0.00010634377508803859, 'l1_ratio': 0.997282836946302}"
ElasticNet,Non-weather only,heifer,price,MAE,5,Train,66.8035771064505,233,4,214,"{'imputer_strategy': 'median', 'alpha': 0.00010634377508803859, 'l1_ratio': 0.997282836946302}"
ElasticNet,Non-weather only,heifer,price,MAE,1,Test,75.37527379344964,233,4,214,"{'imputer_strategy': 'median', 'alpha': 0.00010634377508803859, 'l1_ratio': 0.997282836946302}"
ElasticNet,Non-weather only,heifer,price,MAE,2,Test,74.8565713811603,233,4,214,"{'imputer_strategy': 'median', 'alpha': 0.00010634377508803859, 'l1_ratio': 0.997282836946302}"
ElasticNet,Non-weather only,heifer,price,MAE,3,Test,67.90491369372162,233,4,214,"{'imputer_strategy': 'median', 'alpha': 0.00010634377508803859, 'l1_ratio': 0.997282836946302}"
ElasticNet,Non-weather only,heifer,price,MAE,4,Test,54.41728187386293,233,4,214,"{'imputer_strategy': 'median', 'alpha': 0.00010634377508803859, 'l1_ratio': 0.997282836946302}"
ElasticNet,Non-weather only,heifer,price,MAE,5,Test,80.41887051062159,233,4,214,"{'imputer_strategy': 'median', 'alpha': 0.00010634377508803859, 'l1_ratio': 0.997282836946302}"
ElasticNet,Non-weather only,heifer,price,MSE,1,Train,8516.750511939823,233,4,214,"{'imputer_strategy': 'median', 'alpha': 0.00010634377508803859, 'l1_ratio': 0.997282836946302}"
ElasticNet,Non-weather only,heifer,price,MSE,2,Train,8936.66835255333,233,4,214,"{'imputer_strategy': 'median', 'alpha': 0.00010634377508803859, 'l1_ratio': 0.997282836946302}"
ElasticNet,Non-weather only,heifer,price,MSE,3,Train,9070.828815746841,233,4,214,"{'imputer_strategy': 'median', 'alpha': 0.00010634377508803859, 'l1_ratio': 0.997282836946302}"
ElasticNet,Non-weather only,heifer,price,MSE,4,Train,9734.033610775872,233,4,214,"{'imputer_strategy': 'median', 'alpha': 0.00010634377508803859, 'l1_ratio': 0.997282836946302}"
ElasticNet,Non-weather only,heifer,price,MSE,5,Train,7419.762793129196,233,4,214,"{'imputer_strategy': 'median', 'alpha': 0.00010634377508803859, 'l1_ratio': 0.997282836946302}"
ElasticNet,Non-weather only,heifer,price,MSE,1,Test,9998.909103660357,233,4,214,"{'imputer_strategy': 'median', 'alpha': 0.00010634377508803859, 'l1_ratio': 0.997282836946302}"
ElasticNet,Non-weather only,heifer,price,MSE,2,Test,8235.557430571842,233,4,214,"{'imputer_strategy': 'median', 'alpha': 0.00010634377508803859, 'l1_ratio': 0.997282836946302}"
ElasticNet,Non-weather only,heifer,price,MSE,3,Test,7559.324309851392,233,4,214,"{'imputer_strategy': 'median', 'alpha': 0.00010634377508803859, 'l1_ratio': 0.997282836946302}"
ElasticNet,Non-weather only,heifer,price,MSE,4,Test,4866.053403552291,233,4,214,"{'imputer_strategy': 'median', 'alpha': 0.00010634377508803859, 'l1_ratio': 0.997282836946302}"
ElasticNet,Non-weather only,heifer,price,MSE,5,Test,14289.364001963922,233,4,214,"{'imputer_strategy': 'median', 'alpha': 0.00010634377508803859, 'l1_ratio': 0.997282836946302}"
ElasticNet,Weather only,steer,live weight,MAE,1,Train,25.986930417021327,636,310,3968,"{'imputer_strategy': 'median', 'alpha': 0.17456738120862153, 'l1_ratio': 0.9996795962453828}"
ElasticNet,Weather only,steer,live weight,MAE,2,Train,25.46678915069582,636,310,3968,"{'imputer_strategy': 'median', 'alpha': 0.17456738120862153, 'l1_ratio': 0.9996795962453828}"
ElasticNet,Weather only,steer,live weight,MAE,3,Train,24.925847609926855,636,310,3968,"{'imputer_strategy': 'median', 'alpha': 0.17456738120862153, 'l1_ratio': 0.9996795962453828}"
ElasticNet,Weather only,steer,live weight,MAE,4,Train,25.395738826562013,636,310,3968,"{'imputer_strategy': 'median', 'alpha': 0.17456738120862153, 'l1_ratio': 0.9996795962453828}"
ElasticNet,Weather only,steer,live weight,MAE,5,Train,23.685234767240516,636,310,3968,"{'imputer_strategy': 'median', 'alpha': 0.17456738120862153, 'l1_ratio': 0.9996795962453828}"
ElasticNet,Weather only,steer,live weight,MAE,1,Test,23.92093841965275,636,310,3968,"{'imputer_strategy': 'median', 'alpha': 0.17456738120862153, 'l1_ratio': 0.9996795962453828}"
ElasticNet,Weather only,steer,live weight,MAE,2,Test,26.296208068173307,636,310,3968,"{'imputer_strategy': 'median', 'alpha': 0.17456738120862153, 'l1_ratio': 0.9996795962453828}"
ElasticNet,Weather only,steer,live weight,MAE,3,Test,27.24290313122766,636,310,3968,"{'imputer_strategy': 'median', 'alpha': 0.17456738120862153, 'l1_ratio': 0.9996795962453828}"
ElasticNet,Weather only,steer,live weight,MAE,4,Test,25.799485627857187,636,310,3968,"{'imputer_strategy': 'median', 'alpha': 0.17456738120862153, 'l1_ratio': 0.9996795962453828}"
ElasticNet,Weather only,steer,live weight,MAE,5,Test,31.551424879140697,636,310,3968,"{'imputer_strategy': 'median', 'alpha': 0.17456738120862153, 'l1_ratio': 0.9996795962453828}"
ElasticNet,Weather only,steer,live weight,MSE,1,Train,1667.8411979231016,636,310,3968,"{'imputer_strategy': 'median', 'alpha': 0.17456738120862153, 'l1_ratio': 0.9996795962453828}"
ElasticNet,Weather only,steer,live weight,MSE,2,Train,1622.2594870642515,636,310,3968,"{'imputer_strategy': 'median', 'alpha': 0.17456738120862153, 'l1_ratio': 0.9996795962453828}"
ElasticNet,Weather only,steer,live weight,MSE,3,Train,1626.973617290921,636,310,3968,"{'imputer_strategy': 'median', 'alpha': 0.17456738120862153, 'l1_ratio': 0.9996795962453828}"
ElasticNet,Weather only,steer,live weight,MSE,4,Train,1621.823987934709,636,310,3968,"{'imputer_strategy': 'median', 'alpha': 0.17456738120862153, 'l1_ratio': 0.9996795962453828}"
ElasticNet,Weather only,steer,live weight,MSE,5,Train,956.9173976065983,636,310,3968,"{'imputer_strategy': 'median', 'alpha': 0.17456738120862153, 'l1_ratio': 0.9996795962453828}"
ElasticNet,Weather only,steer,live weight,MSE,1,Test,996.7830318401575,636,310,3968,"{'imputer_strategy': 'median', 'alpha': 0.17456738120862153, 'l1_ratio': 0.9996795962453828}"
ElasticNet,Weather only,steer,live weight,MSE,2,Test,1191.5862660427733,636,310,3968,"{'imputer_strategy': 'median', 'alpha': 0.17456738120862153, 'l1_ratio': 0.9996795962453828}"
ElasticNet,Weather only,steer,live weight,MSE,3,Test,1162.5548958719637,636,310,3968,"{'imputer_strategy': 'median', 'alpha': 0.17456738120862153, 'l1_ratio': 0.9996795962453828}"
ElasticNet,Weather only,steer,live weight,MSE,4,Test,1156.7176020371344,636,310,3968,"{'imputer_strategy': 'median', 'alpha': 0.17456738120862153, 'l1_ratio': 0.9996795962453828}"
ElasticNet,Weather only,steer,live weight,MSE,5,Test,3854.983494783016,636,310,3968,"{'imputer_strategy': 'median', 'alpha': 0.17456738120862153, 'l1_ratio': 0.9996795962453828}"
ElasticNet,Weather only,heifer,live weight,MAE,1,Train,16.396880931657112,233,310,2852,"{'imputer_strategy': 'mean', 'alpha': 0.14820555583864597, 'l1_ratio': 0.3568432260811045}"
ElasticNet,Weather only,heifer,live weight,MAE,2,Train,16.6164547802688,233,310,2852,"{'imputer_strategy': 'mean', 'alpha': 0.14820555583864597, 'l1_ratio': 0.3568432260811045}"
ElasticNet,Weather only,heifer,live weight,MAE,3,Train,17.54909265642321,233,310,2852,"{'imputer_strategy': 'mean', 'alpha': 0.14820555583864597, 'l1_ratio': 0.3568432260811045}"
ElasticNet,Weather only,heifer,live weight,MAE,4,Train,16.916646720964234,233,310,2852,"{'imputer_strategy': 'mean', 'alpha': 0.14820555583864597, 'l1_ratio': 0.3568432260811045}"
ElasticNet,Weather only,heifer,live weight,MAE,5,Train,16.625656324462597,233,310,2852,"{'imputer_strategy': 'mean', 'alpha': 0.14820555583864597, 'l1_ratio': 0.3568432260811045}"
ElasticNet,Weather only,heifer,live weight,MAE,1,Test,20.702199410618146,233,310,2852,"{'imputer_strategy': 'mean', 'alpha': 0.14820555583864597, 'l1_ratio': 0.3568432260811045}"
ElasticNet,Weather only,heifer,live weight,MAE,2,Test,22.049799702103257,233,310,2852,"{'imputer_strategy': 'mean', 'alpha': 0.14820555583864597, 'l1_ratio': 0.3568432260811045}"
ElasticNet,Weather only,heifer,live weight,MAE,3,Test,15.85352396728003,233,310,2852,"{'imputer_strategy': 'mean', 'alpha': 0.14820555583864597, 'l1_ratio': 0.3568432260811045}"
ElasticNet,Weather only,heifer,live weight,MAE,4,Test,19.522248612419162,233,310,2852,"{'imputer_strategy': 'mean', 'alpha': 0.14820555583864597, 'l1_ratio': 0.3568432260811045}"
ElasticNet,Weather only,heifer,live weight,MAE,5,Test,20.631761378113534,233,310,2852,"{'imputer_strategy': 'mean', 'alpha': 0.14820555583864597, 'l1_ratio': 0.3568432260811045}"
ElasticNet,Weather only,heifer,live weight,MSE,1,Train,524.285828182445,233,310,2852,"{'imputer_strategy': 'mean', 'alpha': 0.14820555583864597, 'l1_ratio': 0.3568432260811045}"
ElasticNet,Weather only,heifer,live weight,MSE,2,Train,524.0408174170349,233,310,2852,"{'imputer_strategy': 'mean', 'alpha': 0.14820555583864597, 'l1_ratio': 0.3568432260811045}"
ElasticNet,Weather only,heifer,live weight,MSE,3,Train,583.3627239084168,233,310,2852,"{'imputer_strategy': 'mean', 'alpha': 0.14820555583864597, 'l1_ratio': 0.3568432260811045}"
ElasticNet,Weather only,heifer,live weight,MSE,4,Train,536.1288413915256,233,310,2852,"{'imputer_strategy': 'mean', 'alpha': 0.14820555583864597, 'l1_ratio': 0.3568432260811045}"
ElasticNet,Weather only,heifer,live weight,MSE,5,Train,469.5640324537994,233,310,2852,"{'imputer_strategy': 'mean', 'alpha': 0.14820555583864597, 'l1_ratio': 0.3568432260811045}"
ElasticNet,Weather only,heifer,live weight,MSE,1,Test,725.9231387939808,233,310,2852,"{'imputer_strategy': 'mean', 'alpha': 0.14820555583864597, 'l1_ratio': 0.3568432260811045}"
ElasticNet,Weather only,heifer,live weight,MSE,2,Test,815.4981474723229,233,310,2852,"{'imputer_strategy': 'mean', 'alpha': 0.14820555583864597, 'l1_ratio': 0.3568432260811045}"
ElasticNet,Weather only,heifer,live weight,MSE,3,Test,428.2940462863775,233,310,2852,"{'imputer_strategy': 'mean', 'alpha': 0.14820555583864597, 'l1_ratio': 0.3568432260811045}"
ElasticNet,Weather only,heifer,live weight,MSE,4,Test,677.1455225173611,233,310,2852,"{'imputer_strategy': 'mean', 'alpha': 0.14820555583864597, 'l1_ratio': 0.3568432260811045}"
ElasticNet,Weather only,heifer,live weight,MSE,5,Test,943.6213927151605,233,310,2852,"{'imputer_strategy': 'mean', 'alpha': 0.14820555583864597, 'l1_ratio': 0.3568432260811045}"
ElasticNet,Weather only,steer,carcass weight,MAE,1,Train,13.695546677012118,636,310,3968,"{'imputer_strategy': 'mean', 'alpha': 0.27081294735136985, 'l1_ratio': 0.45101138961875276}"
ElasticNet,Weather only,steer,carcass weight,MAE,2,Train,13.466628824131124,636,310,3968,"{'imputer_strategy': 'mean', 'alpha': 0.27081294735136985, 'l1_ratio': 0.45101138961875276}"
ElasticNet,Weather only,steer,carcass weight,MAE,3,Train,13.34787688758649,636,310,3968,"{'imputer_strategy': 'mean', 'alpha': 0.27081294735136985, 'l1_ratio': 0.45101138961875276}"
ElasticNet,Weather only,steer,carcass weight,MAE,4,Train,12.986749012056245,636,310,3968,"{'imputer_strategy': 'mean', 'alpha': 0.27081294735136985, 'l1_ratio': 0.45101138961875276}"
ElasticNet,Weather only,steer,carcass weight,MAE,5,Train,13.389379461197063,636,310,3968,"{'imputer_strategy': 'mean', 'alpha': 0.27081294735136985, 'l1_ratio': 0.45101138961875276}"
ElasticNet,Weather only,steer,carcass weight,MAE,1,Test,12.98173848274823,636,310,3968,"{'imputer_strategy': 'mean', 'alpha': 0.27081294735136985, 'l1_ratio': 0.45101138961875276}"
ElasticNet,Weather only,steer,carcass weight,MAE,2,Test,13.974647533292005,636,310,3968,"{'imputer_strategy': 'mean', 'alpha': 0.27081294735136985, 'l1_ratio': 0.45101138961875276}"
ElasticNet,Weather only,steer,carcass weight,MAE,3,Test,14.532963133908343,636,310,3968,"{'imputer_strategy': 'mean', 'alpha': 0.27081294735136985, 'l1_ratio': 0.45101138961875276}"
ElasticNet,Weather only,steer,carcass weight,MAE,4,Test,15.65334919113554,636,310,3968,"{'imputer_strategy': 'mean', 'alpha': 0.27081294735136985, 'l1_ratio': 0.45101138961875276}"
ElasticNet,Weather only,steer,carcass weight,MAE,5,Test,13.920223431924143,636,310,3968,"{'imputer_strategy': 'mean', 'alpha': 0.27081294735136985, 'l1_ratio': 0.45101138961875276}"
ElasticNet,Weather only,steer,carcass weight,MSE,1,Train,328.94337668144277,636,310,3968,"{'imputer_strategy': 'mean', 'alpha': 0.27081294735136985, 'l1_ratio': 0.45101138961875276}"
ElasticNet,Weather only,steer,carcass weight,MSE,2,Train,312.89093300762113,636,310,3968,"{'imputer_strategy': 'mean', 'alpha': 0.27081294735136985, 'l1_ratio': 0.45101138961875276}"
ElasticNet,Weather only,steer,carcass weight,MSE,3,Train,307.264873734898,636,310,3968,"{'imputer_strategy': 'mean', 'alpha': 0.27081294735136985, 'l1_ratio': 0.45101138961875276}"
ElasticNet,Weather only,steer,carcass weight,MSE,4,Train,301.2991210791652,636,310,3968,"{'imputer_strategy': 'mean', 'alpha': 0.27081294735136985, 'l1_ratio': 0.45101138961875276}"
ElasticNet,Weather only,steer,carcass weight,MSE,5,Train,324.674199926083,636,310,3968,"{'imputer_strategy': 'mean', 'alpha': 0.27081294735136985, 'l1_ratio': 0.45101138961875276}"
ElasticNet,Weather only,steer,carcass weight,MSE,1,Test,297.26867532912297,636,310,3968,"{'imputer_strategy': 'mean', 'alpha': 0.27081294735136985, 'l1_ratio': 0.45101138961875276}"
ElasticNet,Weather only,steer,carcass weight,MSE,2,Test,366.7942242956051,636,310,3968,"{'imputer_strategy': 'mean', 'alpha': 0.27081294735136985, 'l1_ratio': 0.45101138961875276}"
ElasticNet,Weather only,steer,carcass weight,MSE,3,Test,379.26028984874785,636,310,3968,"{'imputer_strategy': 'mean', 'alpha': 0.27081294735136985, 'l1_ratio': 0.45101138961875276}"
ElasticNet,Weather only,steer,carcass weight,MSE,4,Test,414.40909976585095,636,310,3968,"{'imputer_strategy': 'mean', 'alpha': 0.27081294735136985, 'l1_ratio': 0.45101138961875276}"
ElasticNet,Weather only,steer,carcass weight,MSE,5,Test,310.7681277971341,636,310,3968,"{'imputer_strategy': 'mean', 'alpha': 0.27081294735136985, 'l1_ratio': 0.45101138961875276}"
ElasticNet,Weather only,heifer,carcass weight,MAE,1,Train,10.063294535594334,233,310,2852,"{'imputer_strategy': 'mean', 'alpha': 0.7594522425082554, 'l1_ratio': 0.1648756349676999}"
ElasticNet,Weather only,heifer,carcass weight,MAE,2,Train,10.098779021217974,233,310,2852,"{'imputer_strategy': 'mean', 'alpha': 0.7594522425082554, 'l1_ratio': 0.1648756349676999}"
ElasticNet,Weather only,heifer,carcass weight,MAE,3,Train,10.764001979499433,233,310,2852,"{'imputer_strategy': 'mean', 'alpha': 0.7594522425082554, 'l1_ratio': 0.1648756349676999}"
ElasticNet,Weather only,heifer,carcass weight,MAE,4,Train,10.643760667853352,233,310,2852,"{'imputer_strategy': 'mean', 'alpha': 0.7594522425082554, 'l1_ratio': 0.1648756349676999}"
ElasticNet,Weather only,heifer,carcass weight,MAE,5,Train,10.177264954508058,233,310,2852,"{'imputer_strategy': 'mean', 'alpha': 0.7594522425082554, 'l1_ratio': 0.1648756349676999}"
ElasticNet,Weather only,heifer,carcass weight,MAE,1,Test,12.566021243709002,233,310,2852,"{'imputer_strategy': 'mean', 'alpha': 0.7594522425082554, 'l1_ratio': 0.1648756349676999}"
ElasticNet,Weather only,heifer,carcass weight,MAE,2,Test,13.12511283673554,233,310,2852,"{'imputer_strategy': 'mean', 'alpha': 0.7594522425082554, 'l1_ratio': 0.1648756349676999}"
ElasticNet,Weather only,heifer,carcass weight,MAE,3,Test,10.32037764424692,233,310,2852,"{'imputer_strategy': 'mean', 'alpha': 0.7594522425082554, 'l1_ratio': 0.1648756349676999}"
ElasticNet,Weather only,heifer,carcass weight,MAE,4,Test,10.86273371675019,233,310,2852,"{'imputer_strategy': 'mean', 'alpha': 0.7594522425082554, 'l1_ratio': 0.1648756349676999}"
ElasticNet,Weather only,heifer,carcass weight,MAE,5,Test,12.454360197435589,233,310,2852,"{'imputer_strategy': 'mean', 'alpha': 0.7594522425082554, 'l1_ratio': 0.1648756349676999}"
ElasticNet,Weather only,heifer,carcass weight,MSE,1,Train,187.38522726847327,233,310,2852,"{'imputer_strategy': 'mean', 'alpha': 0.7594522425082554, 'l1_ratio': 0.1648756349676999}"
ElasticNet,Weather only,heifer,carcass weight,MSE,2,Train,196.09526732266116,233,310,2852,"{'imputer_strategy': 'mean', 'alpha': 0.7594522425082554, 'l1_ratio': 0.1648756349676999}"
ElasticNet,Weather only,heifer,carcass weight,MSE,3,Train,214.23472626312366,233,310,2852,"{'imputer_strategy': 'mean', 'alpha': 0.7594522425082554, 'l1_ratio': 0.1648756349676999}"
ElasticNet,Weather only,heifer,carcass weight,MSE,4,Train,205.14813064078854,233,310,2852,"{'imputer_strategy': 'mean', 'alpha': 0.7594522425082554, 'l1_ratio': 0.1648756349676999}"
ElasticNet,Weather only,heifer,carcass weight,MSE,5,Train,173.6863231819451,233,310,2852,"{'imputer_strategy': 'mean', 'alpha': 0.7594522425082554, 'l1_ratio': 0.1648756349676999}"
ElasticNet,Weather only,heifer,carcass weight,MSE,1,Test,284.38590900056107,233,310,2852,"{'imputer_strategy': 'mean', 'alpha': 0.7594522425082554, 'l1_ratio': 0.1648756349676999}"
ElasticNet,Weather only,heifer,carcass weight,MSE,2,Test,261.38589923132196,233,310,2852,"{'imputer_strategy': 'mean', 'alpha': 0.7594522425082554, 'l1_ratio': 0.1648756349676999}"
ElasticNet,Weather only,heifer,carcass weight,MSE,3,Test,163.0221374958807,233,310,2852,"{'imputer_strategy': 'mean', 'alpha': 0.7594522425082554, 'l1_ratio': 0.1648756349676999}"
ElasticNet,Weather only,heifer,carcass weight,MSE,4,Test,194.58618638316747,233,310,2852,"{'imputer_strategy': 'mean', 'alpha': 0.7594522425082554, 'l1_ratio': 0.1648756349676999}"
ElasticNet,Weather only,heifer,carcass weight,MSE,5,Test,351.4610145013102,233,310,2852,"{'imputer_strategy': 'mean', 'alpha': 0.7594522425082554, 'l1_ratio': 0.1648756349676999}"
ElasticNet,Weather only,steer,price,MAE,1,Train,76.15305064564579,626,310,3968,"{'imputer_strategy': 'mean', 'alpha': 0.463663270975452, 'l1_ratio': 0.6045724564342413}"
ElasticNet,Weather only,steer,price,MAE,2,Train,78.79661469154749,626,310,3968,"{'imputer_strategy': 'mean', 'alpha': 0.463663270975452, 'l1_ratio': 0.6045724564342413}"
ElasticNet,Weather only,steer,price,MAE,3,Train,77.99529730423517,626,310,3968,"{'imputer_strategy': 'mean', 'alpha': 0.463663270975452, 'l1_ratio': 0.6045724564342413}"
ElasticNet,Weather only,steer,price,MAE,4,Train,75.56578796082383,626,310,3968,"{'imputer_strategy': 'mean', 'alpha': 0.463663270975452, 'l1_ratio': 0.6045724564342413}"
ElasticNet,Weather only,steer,price,MAE,5,Train,77.85117772713868,626,310,3968,"{'imputer_strategy': 'mean', 'alpha': 0.463663270975452, 'l1_ratio': 0.6045724564342413}"
ElasticNet,Weather only,steer,price,MAE,1,Test,87.26463528664831,626,310,3968,"{'imputer_strategy': 'mean', 'alpha': 0.463663270975452, 'l1_ratio': 0.6045724564342413}"
ElasticNet,Weather only,steer,price,MAE,2,Test,75.8240666973967,626,310,3968,"{'imputer_strategy': 'mean', 'alpha': 0.463663270975452, 'l1_ratio': 0.6045724564342413}"
ElasticNet,Weather only,steer,price,MAE,3,Test,78.87567631026532,626,310,3968,"{'imputer_strategy': 'mean', 'alpha': 0.463663270975452, 'l1_ratio': 0.6045724564342413}"
ElasticNet,Weather only,steer,price,MAE,4,Test,88.50909350836243,626,310,3968,"{'imputer_strategy': 'mean', 'alpha': 0.463663270975452, 'l1_ratio': 0.6045724564342413}"
ElasticNet,Weather only,steer,price,MAE,5,Test,78.10929143821026,626,310,3968,"{'imputer_strategy': 'mean', 'alpha': 0.463663270975452, 'l1_ratio': 0.6045724564342413}"
ElasticNet,Weather only,steer,price,MSE,1,Train,10157.957028542241,626,310,3968,"{'imputer_strategy': 'mean', 'alpha': 0.463663270975452, 'l1_ratio': 0.6045724564342413}"
ElasticNet,Weather only,steer,price,MSE,2,Train,10572.582620402352,626,310,3968,"{'imputer_strategy': 'mean', 'alpha': 0.463663270975452, 'l1_ratio': 0.6045724564342413}"
ElasticNet,Weather only,steer,price,MSE,3,Train,10498.42773823298,626,310,3968,"{'imputer_strategy': 'mean', 'alpha': 0.463663270975452, 'l1_ratio': 0.6045724564342413}"
ElasticNet,Weather only,steer,price,MSE,4,Train,10003.717622381624,626,310,3968,"{'imputer_strategy': 'mean', 'alpha': 0.463663270975452, 'l1_ratio': 0.6045724564342413}"
ElasticNet,Weather only,steer,price,MSE,5,Train,10478.934302205498,626,310,3968,"{'imputer_strategy': 'mean', 'alpha': 0.463663270975452, 'l1_ratio': 0.6045724564342413}"
ElasticNet,Weather only,steer,price,MSE,1,Test,12404.598897856522,626,310,3968,"{'imputer_strategy': 'mean', 'alpha': 0.463663270975452, 'l1_ratio': 0.6045724564342413}"
ElasticNet,Weather only,steer,price,MSE,2,Test,10702.288812795789,626,310,3968,"{'imputer_strategy': 'mean', 'alpha': 0.463663270975452, 'l1_ratio': 0.6045724564342413}"
ElasticNet,Weather only,steer,price,MSE,3,Test,10481.905195920219,626,310,3968,"{'imputer_strategy': 'mean', 'alpha': 0.463663270975452, 'l1_ratio': 0.6045724564342413}"
ElasticNet,Weather only,steer,price,MSE,4,Test,13510.667842413162,626,310,3968,"{'imputer_strategy': 'mean', 'alpha': 0.463663270975452, 'l1_ratio': 0.6045724564342413}"
ElasticNet,Weather only,steer,price,MSE,5,Test,10711.446737817252,626,310,3968,"{'imputer_strategy': 'mean', 'alpha': 0.463663270975452, 'l1_ratio': 0.6045724564342413}"
ElasticNet,Weather only,heifer,price,MAE,1,Train,57.555596966074184,233,310,2852,"{'imputer_strategy': 'median', 'alpha': 2.6378195538948455, 'l1_ratio': 0.7116754229845279}"
ElasticNet,Weather only,heifer,price,MAE,2,Train,57.046870671117595,233,310,2852,"{'imputer_strategy': 'median', 'alpha': 2.6378195538948455, 'l1_ratio': 0.7116754229845279}"
ElasticNet,Weather only,heifer,price,MAE,3,Train,61.40442573263432,233,310,2852,"{'imputer_strategy': 'median', 'alpha': 2.6378195538948455, 'l1_ratio': 0.7116754229845279}"
ElasticNet,Weather only,heifer,price,MAE,4,Train,61.257243326875965,233,310,2852,"{'imputer_strategy': 'median', 'alpha': 2.6378195538948455, 'l1_ratio': 0.7116754229845279}"
ElasticNet,Weather only,heifer,price,MAE,5,Train,57.97996390312016,233,310,2852,"{'imputer_strategy': 'median', 'alpha': 2.6378195538948455, 'l1_ratio': 0.7116754229845279}"
ElasticNet,Weather only,heifer,price,MAE,1,Test,70.58384542216665,233,310,2852,"{'imputer_strategy': 'median', 'alpha': 2.6378195538948455, 'l1_ratio': 0.7116754229845279}"
ElasticNet,Weather only,heifer,price,MAE,2,Test,76.06312046146635,233,310,2852,"{'imputer_strategy': 'median', 'alpha': 2.6378195538948455, 'l1_ratio': 0.7116754229845279}"
ElasticNet,Weather only,heifer,price,MAE,3,Test,58.15876793756075,233,310,2852,"{'imputer_strategy': 'median', 'alpha': 2.6378195538948455, 'l1_ratio': 0.7116754229845279}"
ElasticNet,Weather only,heifer,price,MAE,4,Test,59.650781115320925,233,310,2852,"{'imputer_strategy': 'median', 'alpha': 2.6378195538948455, 'l1_ratio': 0.7116754229845279}"
ElasticNet,Weather only,heifer,price,MAE,5,Test,70.21281053282524,233,310,2852,"{'imputer_strategy': 'median', 'alpha': 2.6378195538948455, 'l1_ratio': 0.7116754229845279}"
ElasticNet,Weather only,heifer,price,MSE,1,Train,6089.366687775747,233,310,2852,"{'imputer_strategy': 'median', 'alpha': 2.6378195538948455, 'l1_ratio': 0.7116754229845279}"
ElasticNet,Weather only,heifer,price,MSE,2,Train,6298.048859159652,233,310,2852,"{'imputer_strategy': 'median', 'alpha': 2.6378195538948455, 'l1_ratio': 0.7116754229845279}"
ElasticNet,Weather only,heifer,price,MSE,3,Train,6948.741946897525,233,310,2852,"{'imputer_strategy': 'median', 'alpha': 2.6378195538948455, 'l1_ratio': 0.7116754229845279}"
ElasticNet,Weather only,heifer,price,MSE,4,Train,6635.272188647792,233,310,2852,"{'imputer_strategy': 'median', 'alpha': 2.6378195538948455, 'l1_ratio': 0.7116754229845279}"
ElasticNet,Weather only,heifer,price,MSE,5,Train,5608.31952881062,233,310,2852,"{'imputer_strategy': 'median', 'alpha': 2.6378195538948455, 'l1_ratio': 0.7116754229845279}"
ElasticNet,Weather only,heifer,price,MSE,1,Test,8856.706889539191,233,310,2852,"{'imputer_strategy': 'median', 'alpha': 2.6378195538948455, 'l1_ratio': 0.7116754229845279}"
ElasticNet,Weather only,heifer,price,MSE,2,Test,8675.436572201783,233,310,2852,"{'imputer_strategy': 'median', 'alpha': 2.6378195538948455, 'l1_ratio': 0.7116754229845279}"
ElasticNet,Weather only,heifer,price,MSE,3,Test,5053.811381086221,233,310,2852,"{'imputer_strategy': 'median', 'alpha': 2.6378195538948455, 'l1_ratio': 0.7116754229845279}"
ElasticNet,Weather only,heifer,price,MSE,4,Test,6093.4778615541845,233,310,2852,"{'imputer_strategy': 'median', 'alpha': 2.6378195538948455, 'l1_ratio': 0.7116754229845279}"
ElasticNet,Weather only,heifer,price,MSE,5,Test,11259.105591212938,233,310,2852,"{'imputer_strategy': 'median', 'alpha': 2.6378195538948455, 'l1_ratio': 0.7116754229845279}"
ElasticNet,Non-weather + weather,steer,live weight,MAE,1,Train,25.944589327729798,636,314,4189,"{'imputer_strategy': 'median', 'alpha': 0.15143708497289046, 'l1_ratio': 0.9992177139100221}"
ElasticNet,Non-weather + weather,steer,live weight,MAE,2,Train,25.355091671404683,636,314,4189,"{'imputer_strategy': 'median', 'alpha': 0.15143708497289046, 'l1_ratio': 0.9992177139100221}"
ElasticNet,Non-weather + weather,steer,live weight,MAE,3,Train,24.68565318331779,636,314,4189,"{'imputer_strategy': 'median', 'alpha': 0.15143708497289046, 'l1_ratio': 0.9992177139100221}"
ElasticNet,Non-weather + weather,steer,live weight,MAE,4,Train,25.245006852435125,636,314,4189,"{'imputer_strategy': 'median', 'alpha': 0.15143708497289046, 'l1_ratio': 0.9992177139100221}"
ElasticNet,Non-weather + weather,steer,live weight,MAE,5,Train,23.52104880535301,636,314,4189,"{'imputer_strategy': 'median', 'alpha': 0.15143708497289046, 'l1_ratio': 0.9992177139100221}"
ElasticNet,Non-weather + weather,steer,live weight,MAE,1,Test,23.496118908083652,636,314,4189,"{'imputer_strategy': 'median', 'alpha': 0.15143708497289046, 'l1_ratio': 0.9992177139100221}"
ElasticNet,Non-weather + weather,steer,live weight,MAE,2,Test,26.130191982312855,636,314,4189,"{'imputer_strategy': 'median', 'alpha': 0.15143708497289046, 'l1_ratio': 0.9992177139100221}"
ElasticNet,Non-weather + weather,steer,live weight,MAE,3,Test,27.759926042827757,636,314,4189,"{'imputer_strategy': 'median', 'alpha': 0.15143708497289046, 'l1_ratio': 0.9992177139100221}"
ElasticNet,Non-weather + weather,steer,live weight,MAE,4,Test,25.688934802992485,636,314,4189,"{'imputer_strategy': 'median', 'alpha': 0.15143708497289046, 'l1_ratio': 0.9992177139100221}"
ElasticNet,Non-weather + weather,steer,live weight,MAE,5,Test,31.704961674504574,636,314,4189,"{'imputer_strategy': 'median', 'alpha': 0.15143708497289046, 'l1_ratio': 0.9992177139100221}"
ElasticNet,Non-weather + weather,steer,live weight,MSE,1,Train,1665.5105422854313,636,314,4189,"{'imputer_strategy': 'median', 'alpha': 0.15143708497289046, 'l1_ratio': 0.9992177139100221}"
ElasticNet,Non-weather + weather,steer,live weight,MSE,2,Train,1616.8277441407427,636,314,4189,"{'imputer_strategy': 'median', 'alpha': 0.15143708497289046, 'l1_ratio': 0.9992177139100221}"
ElasticNet,Non-weather + weather,steer,live weight,MSE,3,Train,1614.494718580329,636,314,4189,"{'imputer_strategy': 'median', 'alpha': 0.15143708497289046, 'l1_ratio': 0.9992177139100221}"
ElasticNet,Non-weather + weather,steer,live weight,MSE,4,Train,1617.0951754543303,636,314,4189,"{'imputer_strategy': 'median', 'alpha': 0.15143708497289046, 'l1_ratio': 0.9992177139100221}"
ElasticNet,Non-weather + weather,steer,live weight,MSE,5,Train,945.8343981865876,636,314,4189,"{'imputer_strategy': 'median', 'alpha': 0.15143708497289046, 'l1_ratio': 0.9992177139100221}"
ElasticNet,Non-weather + weather,steer,live weight,MSE,1,Test,980.2552054458495,636,314,4189,"{'imputer_strategy': 'median', 'alpha': 0.15143708497289046, 'l1_ratio': 0.9992177139100221}"
ElasticNet,Non-weather + weather,steer,live weight,MSE,2,Test,1181.0262249945094,636,314,4189,"{'imputer_strategy': 'median', 'alpha': 0.15143708497289046, 'l1_ratio': 0.9992177139100221}"
ElasticNet,Non-weather + weather,steer,live weight,MSE,3,Test,1191.756433134349,636,314,4189,"{'imputer_strategy': 'median', 'alpha': 0.15143708497289046, 'l1_ratio': 0.9992177139100221}"
ElasticNet,Non-weather + weather,steer,live weight,MSE,4,Test,1145.9005538268302,636,314,4189,"{'imputer_strategy': 'median', 'alpha': 0.15143708497289046, 'l1_ratio': 0.9992177139100221}"
ElasticNet,Non-weather + weather,steer,live weight,MSE,5,Test,3879.715232697535,636,314,4189,"{'imputer_strategy': 'median', 'alpha': 0.15143708497289046, 'l1_ratio': 0.9992177139100221}"
ElasticNet,Non-weather + weather,heifer,live weight,MAE,1,Train,16.14518299943894,233,314,3066,"{'imputer_strategy': 'median', 'alpha': 0.0011749863419645166, 'l1_ratio': 0.07971785984786849}"
ElasticNet,Non-weather + weather,heifer,live weight,MAE,2,Train,16.12427583023559,233,314,3066,"{'imputer_strategy': 'median', 'alpha': 0.0011749863419645166, 'l1_ratio': 0.07971785984786849}"
ElasticNet,Non-weather + weather,heifer,live weight,MAE,3,Train,17.141022599621426,233,314,3066,"{'imputer_strategy': 'median', 'alpha': 0.0011749863419645166, 'l1_ratio': 0.07971785984786849}"
ElasticNet,Non-weather + weather,heifer,live weight,MAE,4,Train,16.63388284483443,233,314,3066,"{'imputer_strategy': 'median', 'alpha': 0.0011749863419645166, 'l1_ratio': 0.07971785984786849}"
ElasticNet,Non-weather + weather,heifer,live weight,MAE,5,Train,16.28989408194209,233,314,3066,"{'imputer_strategy': 'median', 'alpha': 0.0011749863419645166, 'l1_ratio': 0.07971785984786849}"
ElasticNet,Non-weather + weather,heifer,live weight,MAE,1,Test,20.668733609093817,233,314,3066,"{'imputer_strategy': 'median', 'alpha': 0.0011749863419645166, 'l1_ratio': 0.07971785984786849}"
ElasticNet,Non-weather + weather,heifer,live weight,MAE,2,Test,21.99495572456657,233,314,3066,"{'imputer_strategy': 'median', 'alpha': 0.0011749863419645166, 'l1_ratio': 0.07971785984786849}"
ElasticNet,Non-weather + weather,heifer,live weight,MAE,3,Test,15.072989666056923,233,314,3066,"{'imputer_strategy': 'median', 'alpha': 0.0011749863419645166, 'l1_ratio': 0.07971785984786849}"
ElasticNet,Non-weather + weather,heifer,live weight,MAE,4,Test,19.210163747249613,233,314,3066,"{'imputer_strategy': 'median', 'alpha': 0.0011749863419645166, 'l1_ratio': 0.07971785984786849}"
ElasticNet,Non-weather + weather,heifer,live weight,MAE,5,Test,19.980005857628893,233,314,3066,"{'imputer_strategy': 'median', 'alpha': 0.0011749863419645166, 'l1_ratio': 0.07971785984786849}"
ElasticNet,Non-weather + weather,heifer,live weight,MSE,1,Train,506.59586176741743,233,314,3066,"{'imputer_strategy': 'median', 'alpha': 0.0011749863419645166, 'l1_ratio': 0.07971785984786849}"
ElasticNet,Non-weather + weather,heifer,live weight,MSE,2,Train,503.3335829799384,233,314,3066,"{'imputer_strategy': 'median', 'alpha': 0.0011749863419645166, 'l1_ratio': 0.07971785984786849}"
ElasticNet,Non-weather + weather,heifer,live weight,MSE,3,Train,569.0032660101203,233,314,3066,"{'imputer_strategy': 'median', 'alpha': 0.0011749863419645166, 'l1_ratio': 0.07971785984786849}"
ElasticNet,Non-weather + weather,heifer,live weight,MSE,4,Train,517.9070503777025,233,314,3066,"{'imputer_strategy': 'median', 'alpha': 0.0011749863419645166, 'l1_ratio': 0.07971785984786849}"
ElasticNet,Non-weather + weather,heifer,live weight,MSE,5,Train,456.49873210410556,233,314,3066,"{'imputer_strategy': 'median', 'alpha': 0.0011749863419645166, 'l1_ratio': 0.07971785984786849}"
ElasticNet,Non-weather + weather,heifer,live weight,MSE,1,Test,718.7302534305791,233,314,3066,"{'imputer_strategy': 'median', 'alpha': 0.0011749863419645166, 'l1_ratio': 0.07971785984786849}"
ElasticNet,Non-weather + weather,heifer,live weight,MSE,2,Test,887.1713815745462,233,314,3066,"{'imputer_strategy': 'median', 'alpha': 0.0011749863419645166, 'l1_ratio': 0.07971785984786849}"
ElasticNet,Non-weather + weather,heifer,live weight,MSE,3,Test,410.738908452827,233,314,3066,"{'imputer_strategy': 'median', 'alpha': 0.0011749863419645166, 'l1_ratio': 0.07971785984786849}"
ElasticNet,Non-weather + weather,heifer,live weight,MSE,4,Test,674.8366607493768,233,314,3066,"{'imputer_strategy': 'median', 'alpha': 0.0011749863419645166, 'l1_ratio': 0.07971785984786849}"
ElasticNet,Non-weather + weather,heifer,live weight,MSE,5,Test,892.6687229955812,233,314,3066,"{'imputer_strategy': 'median', 'alpha': 0.0011749863419645166, 'l1_ratio': 0.07971785984786849}"
ElasticNet,Non-weather + weather,steer,carcass weight,MAE,1,Train,13.760635417390214,636,314,4189,"{'imputer_strategy': 'median', 'alpha': 0.5697558814393139, 'l1_ratio': 0.06867546479571507}"
ElasticNet,Non-weather + weather,steer,carcass weight,MAE,2,Train,13.484657699222256,636,314,4189,"{'imputer_strategy': 'median', 'alpha': 0.5697558814393139, 'l1_ratio': 0.06867546479571507}"
ElasticNet,Non-weather + weather,steer,carcass weight,MAE,3,Train,13.314944607320507,636,314,4189,"{'imputer_strategy': 'median', 'alpha': 0.5697558814393139, 'l1_ratio': 0.06867546479571507}"
ElasticNet,Non-weather + weather,steer,carcass weight,MAE,4,Train,13.005163050219437,636,314,4189,"{'imputer_strategy': 'median', 'alpha': 0.5697558814393139, 'l1_ratio': 0.06867546479571507}"
ElasticNet,Non-weather + weather,steer,carcass weight,MAE,5,Train,13.41596267507792,636,314,4189,"{'imputer_strategy': 'median', 'alpha': 0.5697558814393139, 'l1_ratio': 0.06867546479571507}"
ElasticNet,Non-weather + weather,steer,carcass weight,MAE,1,Test,12.864775625600643,636,314,4189,"{'imputer_strategy': 'median', 'alpha': 0.5697558814393139, 'l1_ratio': 0.06867546479571507}"
ElasticNet,Non-weather + weather,steer,carcass weight,MAE,2,Test,14.017728494045496,636,314,4189,"{'imputer_strategy': 'median', 'alpha': 0.5697558814393139, 'l1_ratio': 0.06867546479571507}"
ElasticNet,Non-weather + weather,steer,carcass weight,MAE,3,Test,14.607795785358505,636,314,4189,"{'imputer_strategy': 'median', 'alpha': 0.5697558814393139, 'l1_ratio': 0.06867546479571507}"
ElasticNet,Non-weather + weather,steer,carcass weight,MAE,4,Test,15.723446568824071,636,314,4189,"{'imputer_strategy': 'median', 'alpha': 0.5697558814393139, 'l1_ratio': 0.06867546479571507}"
ElasticNet,Non-weather + weather,steer,carcass weight,MAE,5,Test,13.968206970852139,636,314,4189,"{'imputer_strategy': 'median', 'alpha': 0.5697558814393139, 'l1_ratio': 0.06867546479571507}"
ElasticNet,Non-weather + weather,steer,carcass weight,MSE,1,Train,330.2610857199706,636,314,4189,"{'imputer_strategy': 'median', 'alpha': 0.5697558814393139, 'l1_ratio': 0.06867546479571507}"
ElasticNet,Non-weather + weather,steer,carcass weight,MSE,2,Train,313.74268055755005,636,314,4189,"{'imputer_strategy': 'median', 'alpha': 0.5697558814393139, 'l1_ratio': 0.06867546479571507}"
ElasticNet,Non-weather + weather,steer,carcass weight,MSE,3,Train,307.4998991854492,636,314,4189,"{'imputer_strategy': 'median', 'alpha': 0.5697558814393139, 'l1_ratio': 0.06867546479571507}"
ElasticNet,Non-weather + weather,steer,carcass weight,MSE,4,Train,302.00762518525914,636,314,4189,"{'imputer_strategy': 'median', 'alpha': 0.5697558814393139, 'l1_ratio': 0.06867546479571507}"
ElasticNet,Non-weather + weather,steer,carcass weight,MSE,5,Train,325.55391861480103,636,314,4189,"{'imputer_strategy': 'median', 'alpha': 0.5697558814393139, 'l1_ratio': 0.06867546479571507}"
ElasticNet,Non-weather + weather,steer,carcass weight,MSE,1,Test,295.01770840020913,636,314,4189,"{'imputer_strategy': 'median', 'alpha': 0.5697558814393139, 'l1_ratio': 0.06867546479571507}"
ElasticNet,Non-weather + weather,steer,carcass weight,MSE,2,Test,367.76473596272456,636,314,4189,"{'imputer_strategy': 'median', 'alpha': 0.5697558814393139, 'l1_ratio': 0.06867546479571507}"
ElasticNet,Non-weather + weather,steer,carcass weight,MSE,3,Test,381.43330368594474,636,314,4189,"{'imputer_strategy': 'median', 'alpha': 0.5697558814393139, 'l1_ratio': 0.06867546479571507}"
ElasticNet,Non-weather + weather,steer,carcass weight,MSE,4,Test,416.59830112617567,636,314,4189,"{'imputer_strategy': 'median', 'alpha': 0.5697558814393139, 'l1_ratio': 0.06867546479571507}"
ElasticNet,Non-weather + weather,steer,carcass weight,MSE,5,Test,308.7946752214951,636,314,4189,"{'imputer_strategy': 'median', 'alpha': 0.5697558814393139, 'l1_ratio': 0.06867546479571507}"
ElasticNet,Non-weather + weather,heifer,carcass weight,MAE,1,Train,9.884454530443818,233,314,3066,"{'imputer_strategy': 'mean', 'alpha': 0.0055533338139562675, 'l1_ratio': 0.9997076302998051}"
ElasticNet,Non-weather + weather,heifer,carcass weight,MAE,2,Train,9.852204649453078,233,314,3066,"{'imputer_strategy': 'mean', 'alpha': 0.0055533338139562675, 'l1_ratio': 0.9997076302998051}"
ElasticNet,Non-weather + weather,heifer,carcass weight,MAE,3,Train,10.381498579668554,233,314,3066,"{'imputer_strategy': 'mean', 'alpha': 0.0055533338139562675, 'l1_ratio': 0.9997076302998051}"
ElasticNet,Non-weather + weather,heifer,carcass weight,MAE,4,Train,10.355226404885453,233,314,3066,"{'imputer_strategy': 'mean', 'alpha': 0.0055533338139562675, 'l1_ratio': 0.9997076302998051}"
ElasticNet,Non-weather + weather,heifer,carcass weight,MAE,5,Train,9.972549768542674,233,314,3066,"{'imputer_strategy': 'mean', 'alpha': 0.0055533338139562675, 'l1_ratio': 0.9997076302998051}"
ElasticNet,Non-weather + weather,heifer,carcass weight,MAE,1,Test,12.659085863242693,233,314,3066,"{'imputer_strategy': 'mean', 'alpha': 0.0055533338139562675, 'l1_ratio': 0.9997076302998051}"
ElasticNet,Non-weather + weather,heifer,carcass weight,MAE,2,Test,13.02308670794498,233,314,3066,"{'imputer_strategy': 'mean', 'alpha': 0.0055533338139562675, 'l1_ratio': 0.9997076302998051}"
ElasticNet,Non-weather + weather,heifer,carcass weight,MAE,3,Test,10.535743248855463,233,314,3066,"{'imputer_strategy': 'mean', 'alpha': 0.0055533338139562675, 'l1_ratio': 0.9997076302998051}"
ElasticNet,Non-weather + weather,heifer,carcass weight,MAE,4,Test,11.312168548013952,233,314,3066,"{'imputer_strategy': 'mean', 'alpha': 0.0055533338139562675, 'l1_ratio': 0.9997076302998051}"
ElasticNet,Non-weather + weather,heifer,carcass weight,MAE,5,Test,11.866119318039152,233,314,3066,"{'imputer_strategy': 'mean', 'alpha': 0.0055533338139562675, 'l1_ratio': 0.9997076302998051}"
ElasticNet,Non-weather + weather,heifer,carcass weight,MSE,1,Train,173.17226749807907,233,314,3066,"{'imputer_strategy': 'mean', 'alpha': 0.0055533338139562675, 'l1_ratio': 0.9997076302998051}"
ElasticNet,Non-weather + weather,heifer,carcass weight,MSE,2,Train,179.60786152742563,233,314,3066,"{'imputer_strategy': 'mean', 'alpha': 0.0055533338139562675, 'l1_ratio': 0.9997076302998051}"
ElasticNet,Non-weather + weather,heifer,carcass weight,MSE,3,Train,199.29042342850474,233,314,3066,"{'imputer_strategy': 'mean', 'alpha': 0.0055533338139562675, 'l1_ratio': 0.9997076302998051}"
ElasticNet,Non-weather + weather,heifer,carcass weight,MSE,4,Train,189.05875039253326,233,314,3066,"{'imputer_strategy': 'mean', 'alpha': 0.0055533338139562675, 'l1_ratio': 0.9997076302998051}"
ElasticNet,Non-weather + weather,heifer,carcass weight,MSE,5,Train,162.33627023587243,233,314,3066,"{'imputer_strategy': 'mean', 'alpha': 0.0055533338139562675, 'l1_ratio': 0.9997076302998051}"
ElasticNet,Non-weather + weather,heifer,carcass weight,MSE,1,Test,281.16395878265035,233,314,3066,"{'imputer_strategy': 'mean', 'alpha': 0.0055533338139562675, 'l1_ratio': 0.9997076302998051}"
ElasticNet,Non-weather + weather,heifer,carcass weight,MSE,2,Test,266.93575577884275,233,314,3066,"{'imputer_strategy': 'mean', 'alpha': 0.0055533338139562675, 'l1_ratio': 0.9997076302998051}"
ElasticNet,Non-weather + weather,heifer,carcass weight,MSE,3,Test,173.16130917940538,233,314,3066,"{'imputer_strategy': 'mean', 'alpha': 0.0055533338139562675, 'l1_ratio': 0.9997076302998051}"
ElasticNet,Non-weather + weather,heifer,carcass weight,MSE,4,Test,205.99652319458193,233,314,3066,"{'imputer_strategy': 'mean', 'alpha': 0.0055533338139562675, 'l1_ratio': 0.9997076302998051}"
ElasticNet,Non-weather + weather,heifer,carcass weight,MSE,5,Test,316.78668837121717,233,314,3066,"{'imputer_strategy': 'mean', 'alpha': 0.0055533338139562675, 'l1_ratio': 0.9997076302998051}"
ElasticNet,Non-weather + weather,steer,price,MAE,1,Train,76.86146586595103,626,314,4189,"{'imputer_strategy': 'mean', 'alpha': 0.8637860538560901, 'l1_ratio': 0.0551447889860616}"
ElasticNet,Non-weather + weather,steer,price,MAE,2,Train,79.33016971471574,626,314,4189,"{'imputer_strategy': 'mean', 'alpha': 0.8637860538560901, 'l1_ratio': 0.0551447889860616}"
ElasticNet,Non-weather + weather,steer,price,MAE,3,Train,78.5161933268815,626,314,4189,"{'imputer_strategy': 'mean', 'alpha': 0.8637860538560901, 'l1_ratio': 0.0551447889860616}"
ElasticNet,Non-weather + weather,steer,price,MAE,4,Train,75.99609230028796,626,314,4189,"{'imputer_strategy': 'mean', 'alpha': 0.8637860538560901, 'l1_ratio': 0.0551447889860616}"
ElasticNet,Non-weather + weather,steer,price,MAE,5,Train,78.39710058686181,626,314,4189,"{'imputer_strategy': 'mean', 'alpha': 0.8637860538560901, 'l1_ratio': 0.0551447889860616}"
ElasticNet,Non-weather + weather,steer,price,MAE,1,Test,87.6280404113264,626,314,4189,"{'imputer_strategy': 'mean', 'alpha': 0.8637860538560901, 'l1_ratio': 0.0551447889860616}"
ElasticNet,Non-weather + weather,steer,price,MAE,2,Test,74.87776228618836,626,314,4189,"{'imputer_strategy': 'mean', 'alpha': 0.8637860538560901, 'l1_ratio': 0.0551447889860616}"
ElasticNet,Non-weather + weather,steer,price,MAE,3,Test,78.06044683091008,626,314,4189,"{'imputer_strategy': 'mean', 'alpha': 0.8637860538560901, 'l1_ratio': 0.0551447889860616}"
ElasticNet,Non-weather + weather,steer,price,MAE,4,Test,89.7232010606333,626,314,4189,"{'imputer_strategy': 'mean', 'alpha': 0.8637860538560901, 'l1_ratio': 0.0551447889860616}"
ElasticNet,Non-weather + weather,steer,price,MAE,5,Test,78.50534849007698,626,314,4189,"{'imputer_strategy': 'mean', 'alpha': 0.8637860538560901, 'l1_ratio': 0.0551447889860616}"
ElasticNet,Non-weather + weather,steer,price,MSE,1,Train,10295.261439106598,626,314,4189,"{'imputer_strategy': 'mean', 'alpha': 0.8637860538560901, 'l1_ratio': 0.0551447889860616}"
ElasticNet,Non-weather + weather,steer,price,MSE,2,Train,10686.480316336161,626,314,4189,"{'imputer_strategy': 'mean', 'alpha': 0.8637860538560901, 'l1_ratio': 0.0551447889860616}"
ElasticNet,Non-weather + weather,steer,price,MSE,3,Train,10674.22327165596,626,314,4189,"{'imputer_strategy': 'mean', 'alpha': 0.8637860538560901, 'l1_ratio': 0.0551447889860616}"
ElasticNet,Non-weather + weather,steer,price,MSE,4,Train,10099.824647757501,626,314,4189,"{'imputer_strategy': 'mean', 'alpha': 0.8637860538560901, 'l1_ratio': 0.0551447889860616}"
ElasticNet,Non-weather + weather,steer,price,MSE,5,Train,10613.785828390346,626,314,4189,"{'imputer_strategy': 'mean', 'alpha': 0.8637860538560901, 'l1_ratio': 0.0551447889860616}"
ElasticNet,Non-weather + weather,steer,price,MSE,1,Test,12588.83236250264,626,314,4189,"{'imputer_strategy': 'mean', 'alpha': 0.8637860538560901, 'l1_ratio': 0.0551447889860616}"
ElasticNet,Non-weather + weather,steer,price,MSE,2,Test,10503.159416720953,626,314,4189,"{'imputer_strategy': 'mean', 'alpha': 0.8637860538560901, 'l1_ratio': 0.0551447889860616}"
ElasticNet,Non-weather + weather,steer,price,MSE,3,Test,10238.545557513731,626,314,4189,"{'imputer_strategy': 'mean', 'alpha': 0.8637860538560901, 'l1_ratio': 0.0551447889860616}"
ElasticNet,Non-weather + weather,steer,price,MSE,4,Test,13836.638659041892,626,314,4189,"{'imputer_strategy': 'mean', 'alpha': 0.8637860538560901, 'l1_ratio': 0.0551447889860616}"
ElasticNet,Non-weather + weather,steer,price,MSE,5,Test,10744.267752456688,626,314,4189,"{'imputer_strategy': 'mean', 'alpha': 0.8637860538560901, 'l1_ratio': 0.0551447889860616}"
ElasticNet,Non-weather + weather,heifer,price,MAE,1,Train,55.32310035577011,233,314,3066,"{'imputer_strategy': 'median', 'alpha': 0.19778006984603172, 'l1_ratio': 0.9346944266343037}"
ElasticNet,Non-weather + weather,heifer,price,MAE,2,Train,54.86153046481009,233,314,3066,"{'imputer_strategy': 'median', 'alpha': 0.19778006984603172, 'l1_ratio': 0.9346944266343037}"
ElasticNet,Non-weather + weather,heifer,price,MAE,3,Train,58.537005045911954,233,314,3066,"{'imputer_strategy': 'median', 'alpha': 0.19778006984603172, 'l1_ratio': 0.9346944266343037}"
ElasticNet,Non-weather + weather,heifer,price,MAE,4,Train,58.18266412318825,233,314,3066,"{'imputer_strategy': 'median', 'alpha': 0.19778006984603172, 'l1_ratio': 0.9346944266343037}"
ElasticNet,Non-weather + weather,heifer,price,MAE,5,Train,56.03819365023156,233,314,3066,"{'imputer_strategy': 'median', 'alpha': 0.19778006984603172, 'l1_ratio': 0.9346944266343037}"
ElasticNet,Non-weather + weather,heifer,price,MAE,1,Test,70.83536755423506,233,314,3066,"{'imputer_strategy': 'median', 'alpha': 0.19778006984603172, 'l1_ratio': 0.9346944266343037}"
ElasticNet,Non-weather + weather,heifer,price,MAE,2,Test,74.87904278436163,233,314,3066,"{'imputer_strategy': 'median', 'alpha': 0.19778006984603172, 'l1_ratio': 0.9346944266343037}"
ElasticNet,Non-weather + weather,heifer,price,MAE,3,Test,56.953021522464915,233,314,3066,"{'imputer_strategy': 'median', 'alpha': 0.19778006984603172, 'l1_ratio': 0.9346944266343037}"
ElasticNet,Non-weather + weather,heifer,price,MAE,4,Test,62.10920910821118,233,314,3066,"{'imputer_strategy': 'median', 'alpha': 0.19778006984603172, 'l1_ratio': 0.9346944266343037}"
ElasticNet,Non-weather + weather,heifer,price,MAE,5,Test,67.21431295203786,233,314,3066,"{'imputer_strategy': 'median', 'alpha': 0.19778006984603172, 'l1_ratio': 0.9346944266343037}"
ElasticNet,Non-weather + weather,heifer,price,MSE,1,Train,5538.341089520261,233,314,3066,"{'imputer_strategy': 'median', 'alpha': 0.19778006984603172, 'l1_ratio': 0.9346944266343037}"
ElasticNet,Non-weather + weather,heifer,price,MSE,2,Train,5615.064418114409,233,314,3066,"{'imputer_strategy': 'median', 'alpha': 0.19778006984603172, 'l1_ratio': 0.9346944266343037}"
ElasticNet,Non-weather + weather,heifer,price,MSE,3,Train,6375.561835963702,233,314,3066,"{'imputer_strategy': 'median', 'alpha': 0.19778006984603172, 'l1_ratio': 0.9346944266343037}"
ElasticNet,Non-weather + weather,heifer,price,MSE,4,Train,6022.07723990704,233,314,3066,"{'imputer_strategy': 'median', 'alpha': 0.19778006984603172, 'l1_ratio': 0.9346944266343037}"
ElasticNet,Non-weather + weather,heifer,price,MSE,5,Train,5178.105331617982,233,314,3066,"{'imputer_strategy': 'median', 'alpha': 0.19778006984603172, 'l1_ratio': 0.9346944266343037}"
ElasticNet,Non-weather + weather,heifer,price,MSE,1,Test,8770.527456033766,233,314,3066,"{'imputer_strategy': 'median', 'alpha': 0.19778006984603172, 'l1_ratio': 0.9346944266343037}"
ElasticNet,Non-weather + weather,heifer,price,MSE,2,Test,8702.74291894778,233,314,3066,"{'imputer_strategy': 'median', 'alpha': 0.19778006984603172, 'l1_ratio': 0.9346944266343037}"
ElasticNet,Non-weather + weather,heifer,price,MSE,3,Test,4922.652658437774,233,314,3066,"{'imputer_strategy': 'median', 'alpha': 0.19778006984603172, 'l1_ratio': 0.9346944266343037}"
ElasticNet,Non-weather + weather,heifer,price,MSE,4,Test,6454.974879815171,233,314,3066,"{'imputer_strategy': 'median', 'alpha': 0.19778006984603172, 'l1_ratio': 0.9346944266343037}"
ElasticNet,Non-weather + weather,heifer,price,MSE,5,Test,10117.489085886717,233,314,3066,"{'imputer_strategy': 'median', 'alpha': 0.19778006984603172, 'l1_ratio': 0.9346944266343037}"
